{
  "POST Login" : {
    "transaction" : "POST Login",
    "sampleCount" : 20,
    "errorCount" : 20,
    "errorPct" : 100.0,
    "meanResTime" : 541.3999999999999,
    "medianResTime" : 536.0,
    "minResTime" : 385.0,
    "maxResTime" : 712.0,
    "pct1ResTime" : 689.8,
    "pct2ResTime" : 710.9,
    "pct3ResTime" : 712.0,
    "throughput" : 2.1374372127818746,
    "receivedKBytesPerSec" : 2.855899994656407,
    "sentKBytesPerSec" : 0.48165394223575936
  },
  "Total" : {
    "transaction" : "Total",
    "sampleCount" : 60,
    "errorCount" : 20,
    "errorPct" : 33.333332,
    "meanResTime" : 340.1166666666667,
    "medianResTime" : 238.5,
    "minResTime" : 182.0,
    "maxResTime" : 906.0,
    "pct1ResTime" : 677.0,
    "pct2ResTime" : 689.9,
    "pct3ResTime" : 906.0,
    "throughput" : 5.698005698005698,
    "receivedKBytesPerSec" : 10.259563449667617,
    "sentKBytesPerSec" : 0.8713014897910731
  },
  "GET Usuario por ID" : {
    "transaction" : "GET Usuario por ID",
    "sampleCount" : 20,
    "errorCount" : 0,
    "errorPct" : 0.0,
    "meanResTime" : 215.40000000000003,
    "medianResTime" : 212.5,
    "minResTime" : 183.0,
    "maxResTime" : 264.0,
    "pct1ResTime" : 260.40000000000003,
    "pct2ResTime" : 263.9,
    "pct3ResTime" : 264.0,
    "throughput" : 2.1779374931939453,
    "receivedKBytesPerSec" : 3.6225225961014917,
    "sentKBytesPerSec" : 0.24884637373407384
  },
  "GET Lista de usuarios" : {
    "transaction" : "GET Lista de usuarios",
    "sampleCount" : 20,
    "errorCount" : 0,
    "errorPct" : 0.0,
    "meanResTime" : 263.55,
    "medianResTime" : 222.5,
    "minResTime" : 182.0,
    "maxResTime" : 906.0,
    "pct1ResTime" : 282.0,
    "pct2ResTime" : 874.8499999999996,
    "pct3ResTime" : 906.0,
    "throughput" : 2.035002035002035,
    "receivedKBytesPerSec" : 4.88857568935694,
    "sentKBytesPerSec" : 0.24245141432641434
  }
}